commit_interval,start_datetime,end_datetime,st_congruence,nr_timezones,code_only_devs,code_files,ml_only_devs,ml_threads,code_ml_both_devs,reply_degree,reply_close,reply_between,git_degree,git_close,git_between,reply_density,git_density
95a75756b0ca54d95a78cf9a789a4f09c026bfb0-636bd0b2b0b4b84ebe70f67368fc292835aa1f51,2003-08-06T20:27:26Z,2003-09-05T20:27:26Z,0.4,13,15,434,42,140,8,108|38|76|50|82|22|1|26|71|20|22|3|25|18|2|26|4|13|3|8|0|2|13|4|1|93|34|1|15|4|6|7|50|25|2|0|3|2|31|0|0|8|36|0|9|40|12|20|0|8|36|7|4|10|0|50|5|38|3|19|0|0|2|15|27|21|20|9|21|48|14|0|4|20|33|7|29|45|20|20|3|17|8|48|7|25|3|23|1|22|20|8|10|34|0|5|18|21|26|2|13|2|2|14|1|15|7|52|21|0|19|2|10|7|19|10|8|10|28|0|0|14|8|0|11|7|7|7|7|0|10|21|3|7|1|0|0|1|18|2|26|13|1|3|0|0|9|2|1|4|15|5|11|14|4|22|4|0|4|0|31|2|3|4|15|4|0|2|0|11|3|1|8|26|0|4|0|9|6|5|2|0|0|2|14|4|0|7|7|0|10|3|3|0|7|19|5|0|3|7|0|0|1|0|6|9|0|8|2|5|4|4|0|1|0|0|1|8|0|0|6|0|8|0|0|0|9|3|2|2|0|2|8|3|11|5|13|4|7|7|3|0|5|1|1|1|3|2|2|5|0|2|0|0|0|0|0|0|9|9|1|2,,0.0974855926545069,8|8|9|8|7|9|9|8|8|6,0.220012626262626,0.00881834215167549,0.0407417156561668,0.888888888888889
95a75756b0ca54d95a78cf9a789a4f09c026bfb0-636bd0b2b0b4b84ebe70f67368fc292835aa1f51,2003-08-06T20:27:26Z,2003-09-05T20:27:26Z,0.4,13,15,434,42,140,8,0.373051387792109,,0.0974855926545069,0.111111111111111,0.220012626262626,0.00881834215167549,0.0407417156561668,0.888888888888889
95a75756b0ca54d95a78cf9a789a4f09c026bfb0-636bd0b2b0b4b84ebe70f67368fc292835aa1f51,2003-08-06T20:27:26Z,2003-09-05T20:27:26Z,0.4,13,15,434,42,140,8,68382,,0.0974855926545069,90,0.220012626262626,0.00881834215167549,0.0407417156561668,0.888888888888889
95a75756b0ca54d95a78cf9a789a4f09c026bfb0-636bd0b2b0b4b84ebe70f67368fc292835aa1f51,2003-09-05T20:27:26Z,2003-10-05T20:27:26Z,0.6,13,15,434,42,140,8,30|17|36|27|40|2|25|22|35|5|4|2|19|16|14|3|0|4|0|9|0|29|0|4|0|3|2|7|25|9|25|9|5|0|8|28|0|4|15|7|15|14|4|1|4|1|33|0|33|1|14|1|1|1|0|2|15|0|0|1|14|3|3|16|0|21|0|4|0|0|0|0|5|5|0|0|7|19|1|2|3|9|0|8|9|1|0|10|0|6|6|0|1|2|5|1|1|4|4|0|0|5|0|0|2,,0.0864485717039503,4|6|5|2|2|3|5|3,0.44263468013468,0.174603174603175,0.073992673992674,0.535714285714286
95a75756b0ca54d95a78cf9a789a4f09c026bfb0-636bd0b2b0b4b84ebe70f67368fc292835aa1f51,2003-09-05T20:27:26Z,2003-10-05T20:27:26Z,0.6,13,15,434,42,140,8,0.310622710622711,,0.0864485717039503,0.321428571428571,0.44263468013468,0.174603174603175,0.073992673992674,0.535714285714286
95a75756b0ca54d95a78cf9a789a4f09c026bfb0-636bd0b2b0b4b84ebe70f67368fc292835aa1f51,2003-09-05T20:27:26Z,2003-10-05T20:27:26Z,0.6,13,15,434,42,140,8,10920,,0.0864485717039503,56,0.44263468013468,0.174603174603175,0.073992673992674,0.535714285714286
95a75756b0ca54d95a78cf9a789a4f09c026bfb0-636bd0b2b0b4b84ebe70f67368fc292835aa1f51,2003-10-05T20:27:26Z,2003-11-04T20:27:26Z,0.571428571428571,13,15,434,42,140,8,36|17|9|57|86|73|42|26|13|3|4|69|0|2|21|0|86|0|2|22|65|0|65|5|10|5|0|67|0|6|0|65|4|18|69|2|15|65|65|22|2|5|65|86|0|70|21|74|18|2|2|0|0|22|65|18|65|19|18|0|1|1|7|65|18|3|2|65|65|0|84|18|65|0|65|71|65|5|0|1|0|1|19|65|19|65|18|22|22|19|18|22|0|65|65|70|65|65|65|19|18|19|65|18|65|20|22|1|1|65|1|22|65|18|65|19|19|22|22|22|65|65|19|0|65|65|22|22|1|69|1|0|65|65|65|0|65|65|19|18|65|65|25|28|65|19|0|0|65|18|19|0|65|19|65|18|18|65|19|65|8|1|65|19|19|22|65|65|0|65|22|0|65|65|19|74|19|65|0|65|7|1|65|0|2|6|0|2|0|0|0|7|0|1|1|0,,0.145025952546035,1|4|4|2|1|2|0|0,,0.183673469387755,0.152171637885924,0.25
95a75756b0ca54d95a78cf9a789a4f09c026bfb0-636bd0b2b0b4b84ebe70f67368fc292835aa1f51,2003-10-05T20:27:26Z,2003-11-04T20:27:26Z,0.571428571428571,13,15,434,42,140,8,0.288854003139717,,0.145025952546035,0.321428571428571,,0.183673469387755,0.152171637885924,0.25
95a75756b0ca54d95a78cf9a789a4f09c026bfb0-636bd0b2b0b4b84ebe70f67368fc292835aa1f51,2003-10-05T20:27:26Z,2003-11-04T20:27:26Z,0.571428571428571,13,15,434,42,140,8,38220,,0.145025952546035,56,,0.183673469387755,0.152171637885924,0.25
95a75756b0ca54d95a78cf9a789a4f09c026bfb0-636bd0b2b0b4b84ebe70f67368fc292835aa1f51,2003-11-04T20:27:26Z,2003-12-04T20:27:26Z,0.5,13,15,434,42,140,8,19|38|34|28|29|17|22|0|25|19|15|25|0|0|10|13|0|9|0|7|0|0|2|18|2|6|18|22|8|0|1|24|7|0|5|19|9|11|31|16|3|12|2|0|17|2|5|18|0|0|1|0|0|21|11|1|0|8|3|6|0|1|2|1|5|4|1|3|1|2|7|0|0|22|4|9|9|0|3|1|0|11|2|2|2|6|2|7|5|0|1|0|6|9|1|2|0|2|2|0|8|4|4|4,,0.0549472223607899,1|7|6|4|5|5|6|6,0.489351851851852,0.299319727891156,0.0722554144884242,0.714285714285714
95a75756b0ca54d95a78cf9a789a4f09c026bfb0-636bd0b2b0b4b84ebe70f67368fc292835aa1f51,2003-11-04T20:27:26Z,2003-12-04T20:27:26Z,0.5,13,15,434,42,140,8,0.296676624346527,,0.0549472223607899,0.285714285714286,0.489351851851852,0.299319727891156,0.0722554144884242,0.714285714285714
95a75756b0ca54d95a78cf9a789a4f09c026bfb0-636bd0b2b0b4b84ebe70f67368fc292835aa1f51,2003-11-04T20:27:26Z,2003-12-04T20:27:26Z,0.5,13,15,434,42,140,8,10712,,0.0549472223607899,56,0.489351851851852,0.299319727891156,0.0722554144884242,0.714285714285714
95a75756b0ca54d95a78cf9a789a4f09c026bfb0-636bd0b2b0b4b84ebe70f67368fc292835aa1f51,2003-12-04T20:27:26Z,2004-01-03T20:27:26Z,0.19811320754717,13,15,434,42,140,8,8|50|44|51|43|0|43|43|26|47|1|43|53|14|1|0|23|0|50|20|51|0|1|5|14|1|45|0|0|49|47|43|43|16|14|45|0|43|19|43|15|43|6|2|0|5|15|0|50|45|0|43|1|15|43|0|44|15|15|0|44|43|15|43|0|43|43|43|43|43|43|15|15|4|0|54|5|43|50|43|0|14|1|44|0|53|5|0|16|0|0|14|0|0|15|0|43|1|43|15|0|43|15|2|43|5|7|15|0|7|1,,0.142586897098403,14|14|14|14|14|14|14|14|14|14|14|15|1|14|14|14,0.1875,0.133333333333333,0.199017199017199,0.883333333333333
95a75756b0ca54d95a78cf9a789a4f09c026bfb0-636bd0b2b0b4b84ebe70f67368fc292835aa1f51,2003-12-04T20:27:26Z,2004-01-03T20:27:26Z,0.19811320754717,13,15,434,42,140,8,0.291891891891892,,0.142586897098403,0.116666666666667,0.1875,0.133333333333333,0.199017199017199,0.883333333333333
95a75756b0ca54d95a78cf9a789a4f09c026bfb0-636bd0b2b0b4b84ebe70f67368fc292835aa1f51,2003-12-04T20:27:26Z,2004-01-03T20:27:26Z,0.19811320754717,13,15,434,42,140,8,12210,,0.142586897098403,240,0.1875,0.133333333333333,0.199017199017199,0.883333333333333
95a75756b0ca54d95a78cf9a789a4f09c026bfb0-636bd0b2b0b4b84ebe70f67368fc292835aa1f51,2004-01-03T20:27:26Z,2004-02-02T20:27:26Z,0.3,13,15,434,42,140,8,17|7|3|2|8|1|16|1|9|10|4|0|1|3|0|0|1|8|0|0|0|4|9|7|0|6|1|8|1|0|0|1|0|7|1|1|1|0|0|3|1|0|0|7|0|0|1|0|0|0|0,,0.0650721865889213,6|6|4|5|7|6|5|1,0.489351851851852,0.299319727891156,0.0588235294117647,0.714285714285714
95a75756b0ca54d95a78cf9a789a4f09c026bfb0-636bd0b2b0b4b84ebe70f67368fc292835aa1f51,2004-01-03T20:27:26Z,2004-02-02T20:27:26Z,0.3,13,15,434,42,140,8,0.281176470588235,,0.0650721865889213,0.285714285714286,0.489351851851852,0.299319727891156,0.0588235294117647,0.714285714285714
95a75756b0ca54d95a78cf9a789a4f09c026bfb0-636bd0b2b0b4b84ebe70f67368fc292835aa1f51,2004-01-03T20:27:26Z,2004-02-02T20:27:26Z,0.3,13,15,434,42,140,8,2550,,0.0650721865889213,56,0.489351851851852,0.299319727891156,0.0588235294117647,0.714285714285714
95a75756b0ca54d95a78cf9a789a4f09c026bfb0-636bd0b2b0b4b84ebe70f67368fc292835aa1f51,2004-02-02T20:27:26Z,2004-03-03T20:27:26Z,0.333333333333333,13,15,434,42,140,8,11|24|20|1|8|5|10|3|26|1|0|10|15|1|3|0|0|7|0|7|0|0|3|0|4|3|9|6|6|0|0|1|2|4|0|2|3|6|3|11|4|0|0|7|5|1|0|5|1|5|1|0|8|0,,0.145109811868445,1|6|7|5|2|2|6|7|8|4,0.494880338959286,0.191358024691358,0.0880503144654088,0.533333333333333
95a75756b0ca54d95a78cf9a789a4f09c026bfb0-636bd0b2b0b4b84ebe70f67368fc292835aa1f51,2004-02-02T20:27:26Z,2004-03-03T20:27:26Z,0.333333333333333,13,15,434,42,140,8,0.40251572327044,,0.145109811868445,0.355555555555556,0.494880338959286,0.191358024691358,0.0880503144654088,0.533333333333333
95a75756b0ca54d95a78cf9a789a4f09c026bfb0-636bd0b2b0b4b84ebe70f67368fc292835aa1f51,2004-02-02T20:27:26Z,2004-03-03T20:27:26Z,0.333333333333333,13,15,434,42,140,8,2862,,0.145109811868445,90,0.494880338959286,0.191358024691358,0.0880503144654088,0.533333333333333
95a75756b0ca54d95a78cf9a789a4f09c026bfb0-636bd0b2b0b4b84ebe70f67368fc292835aa1f51,2004-03-03T20:27:26Z,2004-04-02T20:27:26Z,0.3,13,15,434,42,140,8,5|0|10|5|0|1|7|6|2|1|5|9|11|0|0|0|4|2|0|1|5|0|0|5|4|1|4|0|2|0|2|0|1|0|1|3|4|7|0|0|0|2|0|3|0|0|0|0|5|2|0|2,,0.14083813917724,3|3|3|4|5|2,0.629464285714286,0.22,0.0460030165912519,0.666666666666667
95a75756b0ca54d95a78cf9a789a4f09c026bfb0-636bd0b2b0b4b84ebe70f67368fc292835aa1f51,2004-03-03T20:27:26Z,2004-04-02T20:27:26Z,0.3,13,15,434,42,140,8,0.169683257918552,,0.14083813917724,0.333333333333333,0.629464285714286,0.22,0.0460030165912519,0.666666666666667
95a75756b0ca54d95a78cf9a789a4f09c026bfb0-636bd0b2b0b4b84ebe70f67368fc292835aa1f51,2004-03-03T20:27:26Z,2004-04-02T20:27:26Z,0.3,13,15,434,42,140,8,2652,,0.14083813917724,30,0.629464285714286,0.22,0.0460030165912519,0.666666666666667
95a75756b0ca54d95a78cf9a789a4f09c026bfb0-636bd0b2b0b4b84ebe70f67368fc292835aa1f51,2004-04-02T20:27:26Z,2004-05-02T20:27:26Z,0.230769230769231,13,15,434,42,140,8,15|19|20|14|2|0|22|3|9|13|10|1|4|1|0|5|5|2|1|17|0|1|2|15|6|0|13|2|13|13|0|0|1|0|16|0|14|5|0|3|4|6|21|0|5|5|2,,0.0627052811086738,4|5|5|4|3|3|2,0.356984126984127,0.230555555555556,0.143385753931545,0.619047619047619
95a75756b0ca54d95a78cf9a789a4f09c026bfb0-636bd0b2b0b4b84ebe70f67368fc292835aa1f51,2004-04-02T20:27:26Z,2004-05-02T20:27:26Z,0.230769230769231,13,15,434,42,140,8,0.334875115633673,,0.0627052811086738,0.214285714285714,0.356984126984127,0.230555555555556,0.143385753931545,0.619047619047619
95a75756b0ca54d95a78cf9a789a4f09c026bfb0-636bd0b2b0b4b84ebe70f67368fc292835aa1f51,2004-04-02T20:27:26Z,2004-05-02T20:27:26Z,0.230769230769231,13,15,434,42,140,8,2162,,0.0627052811086738,42,0.356984126984127,0.230555555555556,0.143385753931545,0.619047619047619
95a75756b0ca54d95a78cf9a789a4f09c026bfb0-636bd0b2b0b4b84ebe70f67368fc292835aa1f51,2004-05-02T20:27:26Z,2004-06-01T20:27:26Z,0.285714285714286,13,15,434,42,140,8,23|16|22|24|15|0|2|16|19|11|3|15|0|4|4|2|3|1|18|0|0|2|16|5|2|3|3|1|4|6|3|18|4|15|1|5|6|1|8|4|0|1|2|0|0|17|15|0|6|4|9|1|0|2|4|0|3|2|18|0|18|0|15|0|0|2|0|0|0,,0.139064840159066,1|1|5|4|4|7|4|2,0.762037037037037,0.585034013605442,0.0903665814151748,0.5
95a75756b0ca54d95a78cf9a789a4f09c026bfb0-636bd0b2b0b4b84ebe70f67368fc292835aa1f51,2004-05-02T20:27:26Z,2004-06-01T20:27:26Z,0.285714285714286,13,15,434,42,140,8,0.262574595055413,,0.139064840159066,0.5,0.762037037037037,0.585034013605442,0.0903665814151748,0.5
95a75756b0ca54d95a78cf9a789a4f09c026bfb0-636bd0b2b0b4b84ebe70f67368fc292835aa1f51,2004-05-02T20:27:26Z,2004-06-01T20:27:26Z,0.285714285714286,13,15,434,42,140,8,4692,,0.139064840159066,56,0.762037037037037,0.585034013605442,0.0903665814151748,0.5
95a75756b0ca54d95a78cf9a789a4f09c026bfb0-636bd0b2b0b4b84ebe70f67368fc292835aa1f51,2004-06-01T20:27:26Z,2004-07-01T20:27:26Z,0.272727272727273,13,15,434,42,140,8,15|0|16|21|12|15|7|6|14|12|0|0|1|2|0|1|1|5|4|0|3|0|0|0|17|2|17|12|0|1|8|12|12|1|6|0|16|12|0|0|1|5|0|0|2|0|4|2|0|0|0|0|2|2|1|0|1|3|0|0,,0.163638499213889,2|3|5|4|1|3|4|0,,0.35827664399093,0.0774011299435028,0.392857142857143
95a75756b0ca54d95a78cf9a789a4f09c026bfb0-636bd0b2b0b4b84ebe70f67368fc292835aa1f51,2004-06-01T20:27:26Z,2004-07-01T20:27:26Z,0.272727272727273,13,15,434,42,140,8,0.278531073446328,,0.163638499213889,0.321428571428571,,0.35827664399093,0.0774011299435028,0.392857142857143
95a75756b0ca54d95a78cf9a789a4f09c026bfb0-636bd0b2b0b4b84ebe70f67368fc292835aa1f51,2004-06-01T20:27:26Z,2004-07-01T20:27:26Z,0.272727272727273,13,15,434,42,140,8,3540,,0.163638499213889,56,,0.35827664399093,0.0774011299435028,0.392857142857143
95a75756b0ca54d95a78cf9a789a4f09c026bfb0-636bd0b2b0b4b84ebe70f67368fc292835aa1f51,2004-07-01T20:27:26Z,2004-07-31T20:27:26Z,0.333333333333333,13,15,434,42,140,8,8|12|24|4|10|13|3|17|8|9|5|1|4|1|2|8|10|1|2|4|3|12|0|6|8|4|9|0|2|2|8|2|6|3|2|2|2|0|0|9|4|0|3|2|6|4|10|0|0|0|0|1,,0.239870525988173,1|3|0|1|4|5|6|5|3|2,,0.155349794238683,0.0965309200603318,0.333333333333333
95a75756b0ca54d95a78cf9a789a4f09c026bfb0-636bd0b2b0b4b84ebe70f67368fc292835aa1f51,2004-07-01T20:27:26Z,2004-07-31T20:27:26Z,0.333333333333333,13,15,434,42,140,8,0.374057315233786,,0.239870525988173,0.333333333333333,,0.155349794238683,0.0965309200603318,0.333333333333333
95a75756b0ca54d95a78cf9a789a4f09c026bfb0-636bd0b2b0b4b84ebe70f67368fc292835aa1f51,2004-07-01T20:27:26Z,2004-07-31T20:27:26Z,0.333333333333333,13,15,434,42,140,8,2652,,0.239870525988173,90,,0.155349794238683,0.0965309200603318,0.333333333333333
95a75756b0ca54d95a78cf9a789a4f09c026bfb0-636bd0b2b0b4b84ebe70f67368fc292835aa1f51,2004-07-31T20:27:26Z,2004-08-30T20:27:26Z,0.333333333333333,13,15,434,42,140,8,0|10|7|3|7|3|5|4|5|1|2|0|0|0|1|5|0|3|3|1|3|3|1|3|1|0|4|3|0|0|0|0|0|0|1|0|0|1|2,,0.0694579621172419,0|3|1|1|1,,0.5,0.0553306342780027,0.3
95a75756b0ca54d95a78cf9a789a4f09c026bfb0-636bd0b2b0b4b84ebe70f67368fc292835aa1f51,2004-07-31T20:27:26Z,2004-08-30T20:27:26Z,0.333333333333333,13,15,434,42,140,8,0.207827260458839,,0.0694579621172419,0.45,,0.5,0.0553306342780027,0.3
95a75756b0ca54d95a78cf9a789a4f09c026bfb0-636bd0b2b0b4b84ebe70f67368fc292835aa1f51,2004-07-31T20:27:26Z,2004-08-30T20:27:26Z,0.333333333333333,13,15,434,42,140,8,1482,,0.0694579621172419,20,,0.5,0.0553306342780027,0.3
95a75756b0ca54d95a78cf9a789a4f09c026bfb0-636bd0b2b0b4b84ebe70f67368fc292835aa1f51,2004-08-30T20:27:26Z,2004-09-29T20:27:26Z,0.705882352941177,13,15,434,42,140,8,3|8|22|8|16|6|6|13|2|0|17|0|0|1|0|1|1|1|1|1|3|4|2|2|3|2|1|1|6|9|2|6|0|1|2|2|4|3|3|2|3|5|0|1|0|0|1|0|4|2|1|0|3|2|1|2|0|1|0|1,,0.22916380690108,5|6|5|5|5|2|6,0.356190476190476,0.111111111111111,0.0542372881355932,0.80952380952381
95a75756b0ca54d95a78cf9a789a4f09c026bfb0-636bd0b2b0b4b84ebe70f67368fc292835aa1f51,2004-08-30T20:27:26Z,2004-09-29T20:27:26Z,0.705882352941177,13,15,434,42,140,8,0.31864406779661,,0.22916380690108,0.19047619047619,0.356190476190476,0.111111111111111,0.0542372881355932,0.80952380952381
95a75756b0ca54d95a78cf9a789a4f09c026bfb0-636bd0b2b0b4b84ebe70f67368fc292835aa1f51,2004-08-30T20:27:26Z,2004-09-29T20:27:26Z,0.705882352941177,13,15,434,42,140,8,3540,,0.22916380690108,42,0.356190476190476,0.111111111111111,0.0542372881355932,0.80952380952381
95a75756b0ca54d95a78cf9a789a4f09c026bfb0-636bd0b2b0b4b84ebe70f67368fc292835aa1f51,2004-09-29T20:27:26Z,2004-10-29T20:27:26Z,0.525,13,15,434,42,140,8,11|26|19|12|2|16|24|11|23|7|13|5|1|1|3|0|2|3|2|8|17|4|2|2|9|1|1|7|1|1|0|6|2|8|2|0|12|1|0|6|4|3|0|8|5|2|3|0|9|0|0|0|2|6|2|3,,0.151458263737419,0|9|9|8|8|8|9|8|9|3|8|1,,0.152066115702479,0.103246753246753,0.606060606060606
95a75756b0ca54d95a78cf9a789a4f09c026bfb0-636bd0b2b0b4b84ebe70f67368fc292835aa1f51,2004-09-29T20:27:26Z,2004-10-29T20:27:26Z,0.525,13,15,434,42,140,8,0.36948051948052,,0.151458263737419,0.212121212121212,,0.152066115702479,0.103246753246753,0.606060606060606
95a75756b0ca54d95a78cf9a789a4f09c026bfb0-636bd0b2b0b4b84ebe70f67368fc292835aa1f51,2004-09-29T20:27:26Z,2004-10-29T20:27:26Z,0.525,13,15,434,42,140,8,3080,,0.151458263737419,132,,0.152066115702479,0.103246753246753,0.606060606060606
95a75756b0ca54d95a78cf9a789a4f09c026bfb0-636bd0b2b0b4b84ebe70f67368fc292835aa1f51,2004-10-29T20:27:26Z,2004-11-28T20:27:26Z,0.567567567567568,13,15,434,42,140,8,15|23|20|13|0|15|29|6|21|10|19|0|2|2|1|6|3|0|4|4|0|1|1|2|0|1|1|5|3|3|2|0|3|9|0|0|10|7|5|3|10|0|6|0|0|7|0|8|3|2|0|0|0|0|0|0|0|1|3|3|0|0,,0.124272203355783,1|8|9|7|6|8|9|8|5|6|7,0.353503903503904,0.196333333333333,0.0772078265468006,0.672727272727273
95a75756b0ca54d95a78cf9a789a4f09c026bfb0-636bd0b2b0b4b84ebe70f67368fc292835aa1f51,2004-10-29T20:27:26Z,2004-11-28T20:27:26Z,0.567567567567568,13,15,434,42,140,8,0.398202009518773,,0.124272203355783,0.227272727272727,0.353503903503904,0.196333333333333,0.0772078265468006,0.672727272727273
95a75756b0ca54d95a78cf9a789a4f09c026bfb0-636bd0b2b0b4b84ebe70f67368fc292835aa1f51,2004-10-29T20:27:26Z,2004-11-28T20:27:26Z,0.567567567567568,13,15,434,42,140,8,3782,,0.124272203355783,110,0.353503903503904,0.196333333333333,0.0772078265468006,0.672727272727273
95a75756b0ca54d95a78cf9a789a4f09c026bfb0-636bd0b2b0b4b84ebe70f67368fc292835aa1f51,2004-11-28T20:27:26Z,2004-12-28T20:27:26Z,0.533333333333333,13,15,434,42,140,8,1|17|13|2|0|7|16|1|13|3|2|17|2|5|1|2|0|0|5|1|4|1|2|0|1|0|6|0|5|7|2|0|3|1|0|0|2|0|8|4|6|0,,0.172786040055523,6|9|7|1|8|5|8|6|0|7|3,,0.212740740740741,0.0929152148664344,0.545454545454545
95a75756b0ca54d95a78cf9a789a4f09c026bfb0-636bd0b2b0b4b84ebe70f67368fc292835aa1f51,2004-11-28T20:27:26Z,2004-12-28T20:27:26Z,0.533333333333333,13,15,434,42,140,8,0.321718931475029,,0.172786040055523,0.354545454545455,,0.212740740740741,0.0929152148664344,0.545454545454545
95a75756b0ca54d95a78cf9a789a4f09c026bfb0-636bd0b2b0b4b84ebe70f67368fc292835aa1f51,2004-11-28T20:27:26Z,2004-12-28T20:27:26Z,0.533333333333333,13,15,434,42,140,8,1722,,0.172786040055523,110,,0.212740740740741,0.0929152148664344,0.545454545454545
95a75756b0ca54d95a78cf9a789a4f09c026bfb0-636bd0b2b0b4b84ebe70f67368fc292835aa1f51,2004-12-28T20:27:26Z,2005-01-27T20:27:26Z,0.357142857142857,13,15,434,42,140,8,7|11|15|1|1|5|3|5|16|2|8|5|12|2|0|5|6|3|0|2|4|2|2|3|3|0|5|2|2|0|4|0|1|2|2|0|1|0,,0.191056951417312,0|4|3|3|4|5|6|3,,0.188208616780045,0.10099573257468,0.5
95a75756b0ca54d95a78cf9a789a4f09c026bfb0-636bd0b2b0b4b84ebe70f67368fc292835aa1f51,2004-12-28T20:27:26Z,2005-01-27T20:27:26Z,0.357142857142857,13,15,434,42,140,8,0.331436699857753,,0.191056951417312,0.357142857142857,,0.188208616780045,0.10099573257468,0.5
95a75756b0ca54d95a78cf9a789a4f09c026bfb0-636bd0b2b0b4b84ebe70f67368fc292835aa1f51,2004-12-28T20:27:26Z,2005-01-27T20:27:26Z,0.357142857142857,13,15,434,42,140,8,1406,,0.191056951417312,56,,0.188208616780045,0.10099573257468,0.5
95a75756b0ca54d95a78cf9a789a4f09c026bfb0-636bd0b2b0b4b84ebe70f67368fc292835aa1f51,2005-01-27T20:27:26Z,2005-02-26T20:27:26Z,0.434782608695652,13,15,434,42,140,8,9|14|18|7|1|12|10|12|25|3|0|10|12|2|1|3|1|4|0|1|1|2|1|6|7|0|7|1|2|6|3|0|8|0|7|1|1,,0.304233644074914,9|10|8|9|9|8|10|7|10|7|5,0.295752395752396,0.0272592592592593,0.148648648648649,0.836363636363636
95a75756b0ca54d95a78cf9a789a4f09c026bfb0-636bd0b2b0b4b84ebe70f67368fc292835aa1f51,2005-01-27T20:27:26Z,2005-02-26T20:27:26Z,0.434782608695652,13,15,434,42,140,8,0.545795795795796,,0.304233644074914,0.163636363636364,0.295752395752396,0.0272592592592593,0.148648648648649,0.836363636363636
95a75756b0ca54d95a78cf9a789a4f09c026bfb0-636bd0b2b0b4b84ebe70f67368fc292835aa1f51,2005-01-27T20:27:26Z,2005-02-26T20:27:26Z,0.434782608695652,13,15,434,42,140,8,1332,,0.304233644074914,110,0.295752395752396,0.0272592592592593,0.148648648648649,0.836363636363636
95a75756b0ca54d95a78cf9a789a4f09c026bfb0-636bd0b2b0b4b84ebe70f67368fc292835aa1f51,2005-02-26T20:27:26Z,2005-03-28T20:27:26Z,0.472222222222222,13,15,434,42,140,8,7|15|13|6|9|13|9|12|2|4|0|12|8|4|1|0|2|1|0|7|3|0|0|0|1|5|6|0|5|2|0|0|0|3,,0.123100321395776,0|7|9|5|8|8|9|9|6|4|5|2,,0.0829752066115703,0.133689839572193,0.545454545454545
95a75756b0ca54d95a78cf9a789a4f09c026bfb0-636bd0b2b0b4b84ebe70f67368fc292835aa1f51,2005-02-26T20:27:26Z,2005-03-28T20:27:26Z,0.472222222222222,13,15,434,42,140,8,0.320855614973262,,0.123100321395776,0.272727272727273,,0.0829752066115703,0.133689839572193,0.545454545454545
95a75756b0ca54d95a78cf9a789a4f09c026bfb0-636bd0b2b0b4b84ebe70f67368fc292835aa1f51,2005-02-26T20:27:26Z,2005-03-28T20:27:26Z,0.472222222222222,13,15,434,42,140,8,1122,,0.123100321395776,132,,0.0829752066115703,0.133689839572193,0.545454545454545
95a75756b0ca54d95a78cf9a789a4f09c026bfb0-636bd0b2b0b4b84ebe70f67368fc292835aa1f51,2005-03-28T20:27:26Z,2005-04-27T20:27:26Z,0.695652173913044,13,15,434,42,140,8,18|20|21|16|19|10|20|21|12|11|18|14|2|2|1|1|1|0|0|1|0|12|13|13|20|0|10|14|7|0|0|1|18|2|0|1|7|1|1|0,,0.148390970253318,5|5|2|5|6|2|4|8|2|6|1,0.590017117958295,0.391111111111111,0.21025641025641,0.418181818181818
95a75756b0ca54d95a78cf9a789a4f09c026bfb0-636bd0b2b0b4b84ebe70f67368fc292835aa1f51,2005-03-28T20:27:26Z,2005-04-27T20:27:26Z,0.695652173913044,13,15,434,42,140,8,0.328205128205128,,0.148390970253318,0.381818181818182,0.590017117958295,0.391111111111111,0.21025641025641,0.418181818181818
95a75756b0ca54d95a78cf9a789a4f09c026bfb0-636bd0b2b0b4b84ebe70f67368fc292835aa1f51,2005-03-28T20:27:26Z,2005-04-27T20:27:26Z,0.695652173913044,13,15,434,42,140,8,1560,,0.148390970253318,110,0.590017117958295,0.391111111111111,0.21025641025641,0.418181818181818
95a75756b0ca54d95a78cf9a789a4f09c026bfb0-636bd0b2b0b4b84ebe70f67368fc292835aa1f51,2005-04-27T20:27:26Z,2005-05-27T20:27:26Z,0.857142857142857,13,15,434,42,140,8,3|20|14|19|22|31|9|24|1|7|8|23|5|2|4|0|5|0|2|5|11|0|13|11|7|4|8|0|9|9|5|3|6|0|5|1|9|6|0|11|1|4|0|0|6|9|9|9,,0.158546207074953,4|4|1|5|7|1|2|4,0.762037037037037,0.585034013605442,0.159574468085106,0.5
95a75756b0ca54d95a78cf9a789a4f09c026bfb0-636bd0b2b0b4b84ebe70f67368fc292835aa1f51,2005-04-27T20:27:26Z,2005-05-27T20:27:26Z,0.857142857142857,13,15,434,42,140,8,0.5,,0.158546207074953,0.5,0.762037037037037,0.585034013605442,0.159574468085106,0.5
95a75756b0ca54d95a78cf9a789a4f09c026bfb0-636bd0b2b0b4b84ebe70f67368fc292835aa1f51,2005-04-27T20:27:26Z,2005-05-27T20:27:26Z,0.857142857142857,13,15,434,42,140,8,2256,,0.158546207074953,56,0.762037037037037,0.585034013605442,0.159574468085106,0.5
95a75756b0ca54d95a78cf9a789a4f09c026bfb0-636bd0b2b0b4b84ebe70f67368fc292835aa1f51,2005-05-27T20:27:26Z,2005-06-26T20:27:26Z,0.363636363636364,13,15,434,42,140,8,11|29|31|18|18|27|18|19|5|4|18|21|0|10|0|0|7|0|3|6|5|1|2|0|7|0|7|10|7|11|26|3|0|14|10|2|1|13|8|8|6|12|8|0|4|7|5|0|0|2|0|4|8|0|1|0|0|2|2|0|0|0|2|1,,0.0942729989861387,0|1|4|5|0|1|5|2|2|0|2,,0.163333333333333,0.110119047619048,0.2
95a75756b0ca54d95a78cf9a789a4f09c026bfb0-636bd0b2b0b4b84ebe70f67368fc292835aa1f51,2005-05-27T20:27:26Z,2005-06-26T20:27:26Z,0.363636363636364,13,15,434,42,140,8,0.381944444444444,,0.0942729989861387,0.3,,0.163333333333333,0.110119047619048,0.2
95a75756b0ca54d95a78cf9a789a4f09c026bfb0-636bd0b2b0b4b84ebe70f67368fc292835aa1f51,2005-05-27T20:27:26Z,2005-06-26T20:27:26Z,0.363636363636364,13,15,434,42,140,8,4032,,0.0942729989861387,110,,0.163333333333333,0.110119047619048,0.2
95a75756b0ca54d95a78cf9a789a4f09c026bfb0-636bd0b2b0b4b84ebe70f67368fc292835aa1f51,2005-06-26T20:27:26Z,2005-07-26T20:27:26Z,0.75,13,15,434,42,140,8,15|6|29|36|13|2|35|37|31|36|10|23|35|26|0|1|2|15|6|5|1|9|3|1|17|1|4|1|1|4|2|13|13|0|1|0|17|0|0|35|3|2|0|4|11|4|0|11|5|3|0|23|6|4|6|15|18|6|6|4|0|13|5|5|1|0|1|3|0|3|1|1|5|4|4|0|14|0|0|0|2|0|1|1|6|2|0|9|14|0|1|0|0|1,,0.0870406638493867,6|5|1|7|8|5|0|4|7|5,,0.222736625514403,0.0816746739876459,0.533333333333333
95a75756b0ca54d95a78cf9a789a4f09c026bfb0-636bd0b2b0b4b84ebe70f67368fc292835aa1f51,2005-06-26T20:27:26Z,2005-07-26T20:27:26Z,0.75,13,15,434,42,140,8,0.316174788377946,,0.0870406638493867,0.355555555555556,,0.222736625514403,0.0816746739876459,0.533333333333333
95a75756b0ca54d95a78cf9a789a4f09c026bfb0-636bd0b2b0b4b84ebe70f67368fc292835aa1f51,2005-06-26T20:27:26Z,2005-07-26T20:27:26Z,0.75,13,15,434,42,140,8,8742,,0.0870406638493867,90,,0.222736625514403,0.0816746739876459,0.533333333333333
95a75756b0ca54d95a78cf9a789a4f09c026bfb0-636bd0b2b0b4b84ebe70f67368fc292835aa1f51,2005-07-26T20:27:26Z,2005-08-25T20:27:26Z,0.72,13,15,434,42,140,8,5|11|28|27|19|17|29|20|30|17|16|15|24|14|1|2|1|7|2|0|0|2|6|3|3|2|0|4|4|0|0|32|4|15|14|5|10|11|3|25|15|0|0|9|0|5|8|13|0|1|2|2|0|1|0|0|7|7|0|0|0,,0.0900332093100455,1|2|8|3|3|5|6|7|4|3|6|1|1,0.368441613840888,0.361574074074074,0.136065573770492,0.320512820512821
95a75756b0ca54d95a78cf9a789a4f09c026bfb0-636bd0b2b0b4b84ebe70f67368fc292835aa1f51,2005-07-26T20:27:26Z,2005-08-25T20:27:26Z,0.72,13,15,434,42,140,8,0.397267759562842,,0.0900332093100455,0.346153846153846,0.368441613840888,0.361574074074074,0.136065573770492,0.320512820512821
95a75756b0ca54d95a78cf9a789a4f09c026bfb0-636bd0b2b0b4b84ebe70f67368fc292835aa1f51,2005-07-26T20:27:26Z,2005-08-25T20:27:26Z,0.72,13,15,434,42,140,8,3660,,0.0900332093100455,156,0.368441613840888,0.361574074074074,0.136065573770492,0.320512820512821
95a75756b0ca54d95a78cf9a789a4f09c026bfb0-636bd0b2b0b4b84ebe70f67368fc292835aa1f51,2005-08-25T20:27:26Z,2005-09-24T20:27:26Z,0.91304347826087,13,15,434,42,140,8,10|1|26|27|19|23|30|17|27|8|13|18|18|4|1|3|1|6|16|5|0|2|1|6|1|7|12|1|1|31|2|12|4|2|6|19|6|11|22|1|7|5|22|0|3|0|10|0|2|0|0|0|0|4|0|6|0|0|6|0|3|2|0|5|5,,0.128822581599322,6|0|7|5|6|7|2|6|0|6|1,,0.137777777777778,0.120192307692308,0.418181818181818
95a75756b0ca54d95a78cf9a789a4f09c026bfb0-636bd0b2b0b4b84ebe70f67368fc292835aa1f51,2005-08-25T20:27:26Z,2005-09-24T20:27:26Z,0.91304347826087,13,15,434,42,140,8,0.364182692307692,,0.128822581599322,0.281818181818182,,0.137777777777778,0.120192307692308,0.418181818181818
95a75756b0ca54d95a78cf9a789a4f09c026bfb0-636bd0b2b0b4b84ebe70f67368fc292835aa1f51,2005-08-25T20:27:26Z,2005-09-24T20:27:26Z,0.91304347826087,13,15,434,42,140,8,4160,,0.128822581599322,110,,0.137777777777778,0.120192307692308,0.418181818181818
95a75756b0ca54d95a78cf9a789a4f09c026bfb0-636bd0b2b0b4b84ebe70f67368fc292835aa1f51,2005-09-24T20:27:26Z,2005-10-24T20:27:26Z,0.384615384615385,13,15,434,42,140,8,10|13|7|29|26|24|28|20|32|16|18|16|27|1|4|12|1|0|1|1|1|8|13|0|1|8|1|0|9|10|27|14|6|0|3|3|16|4|0|24|0|20|0|5|1|16|3|7|18|0|0|1|0|0|0|0|6|0|0|4|0|0|1|0|1|3|0,,0.0582230410306627,2|5|6|5|7|3|5|4|2|0|0|3|5|5,,0.217291255752794,0.117593848937133,0.285714285714286
95a75756b0ca54d95a78cf9a789a4f09c026bfb0-636bd0b2b0b4b84ebe70f67368fc292835aa1f51,2005-09-24T20:27:26Z,2005-10-24T20:27:26Z,0.384615384615385,13,15,434,42,140,8,0.367254635911352,,0.0582230410306627,0.252747252747253,,0.217291255752794,0.117593848937133,0.285714285714286
95a75756b0ca54d95a78cf9a789a4f09c026bfb0-636bd0b2b0b4b84ebe70f67368fc292835aa1f51,2005-09-24T20:27:26Z,2005-10-24T20:27:26Z,0.384615384615385,13,15,434,42,140,8,4422,,0.0582230410306627,182,,0.217291255752794,0.117593848937133,0.285714285714286
95a75756b0ca54d95a78cf9a789a4f09c026bfb0-636bd0b2b0b4b84ebe70f67368fc292835aa1f51,2005-10-24T20:27:26Z,2005-11-23T20:27:26Z,0.567567567567568,13,15,434,42,140,8,22|48|38|22|1|22|40|43|41|40|23|27|46|40|4|5|1|17|22|7|38|4|13|13|3|14|18|12|1|24|0|0|18|21|24|45|27|0|0|23|7|3|2|9|5|11|22|40|7|11|38|2|2|21|11|26|2|1|16|23|6|5|6|3|2|5|5|1|0|14|34|0|0|4|3|4|1|7|0|2|0|3|9|8|0|0|0|0,,0.0759112478362248,10|5|5|1|8|6|10|1|2|4|7|5|2|2|2|2|2,0.466202336319131,0.310763888888889,0.155172413793103,0.272058823529412
95a75756b0ca54d95a78cf9a789a4f09c026bfb0-636bd0b2b0b4b84ebe70f67368fc292835aa1f51,2005-10-24T20:27:26Z,2005-11-23T20:27:26Z,0.567567567567568,13,15,434,42,140,8,0.396551724137931,,0.0759112478362248,0.352941176470588,0.466202336319131,0.310763888888889,0.155172413793103,0.272058823529412
95a75756b0ca54d95a78cf9a789a4f09c026bfb0-636bd0b2b0b4b84ebe70f67368fc292835aa1f51,2005-10-24T20:27:26Z,2005-11-23T20:27:26Z,0.567567567567568,13,15,434,42,140,8,7656,,0.0759112478362248,272,0.466202336319131,0.310763888888889,0.155172413793103,0.272058823529412
95a75756b0ca54d95a78cf9a789a4f09c026bfb0-636bd0b2b0b4b84ebe70f67368fc292835aa1f51,2005-11-23T20:27:26Z,2005-12-23T20:27:26Z,0.493506493506494,13,15,434,42,140,8,1|40|37|33|43|43|43|54|50|52|39|25|45|50|3|2|33|0|2|42|0|43|48|33|19|0|0|24|34|3|0|39|1|7|33|41|52|35|33|10|0|37|1|33|0|34|48|1|0|17|36|42|11|25|5|34|3|38|43|6|9|0|3|1|15|4|1|2|0|33|12|4|3|0|19|36|3|0|3|3|3|1|0|44|0|3|5|0|12|0|1|33|14|33|8|3|0|0|0|0|1|0|9|0|1,,0.0693725969866622,5|12|5|6|9|8|10|16|12|15|3|10|14|5|12|5|7|0,,0.107223183391003,0.167399267399267,0.503267973856209
95a75756b0ca54d95a78cf9a789a4f09c026bfb0-636bd0b2b0b4b84ebe70f67368fc292835aa1f51,2005-11-23T20:27:26Z,2005-12-23T20:27:26Z,0.493506493506494,13,15,434,42,140,8,0.351831501831502,,0.0693725969866622,0.437908496732026,,0.107223183391003,0.167399267399267,0.503267973856209
95a75756b0ca54d95a78cf9a789a4f09c026bfb0-636bd0b2b0b4b84ebe70f67368fc292835aa1f51,2005-11-23T20:27:26Z,2005-12-23T20:27:26Z,0.493506493506494,13,15,434,42,140,8,10920,,0.0693725969866622,306,,0.107223183391003,0.167399267399267,0.503267973856209
95a75756b0ca54d95a78cf9a789a4f09c026bfb0-636bd0b2b0b4b84ebe70f67368fc292835aa1f51,2005-12-23T20:27:26Z,2006-01-22T20:27:26Z,0.354838709677419,13,15,434,42,140,8,25|18|38|33|26|25|30|37|36|40|28|25|44|36|5|24|10|5|2|37|24|4|11|11|0|19|0|7|3|15|2|4|25|13|16|0|4|0|7|8|40|14|28|15|10|10|26|29|0|12|12|10|2|5|0|1|28|28|0|4|0|4|0|0|0|3|8|2|4|0|0|6|17|0|0|1|2|1|1|0|0|4,,0.0812235992447888,1|5|0|5|4|1|6|13|1|3|5|2|6|4|2|4|0,,0.493923611111111,0.154170430593195,0.227941176470588
95a75756b0ca54d95a78cf9a789a4f09c026bfb0-636bd0b2b0b4b84ebe70f67368fc292835aa1f51,2005-12-23T20:27:26Z,2006-01-22T20:27:26Z,0.354838709677419,13,15,434,42,140,8,0.389039445950015,,0.0812235992447888,0.584558823529412,,0.493923611111111,0.154170430593195,0.227941176470588
95a75756b0ca54d95a78cf9a789a4f09c026bfb0-636bd0b2b0b4b84ebe70f67368fc292835aa1f51,2005-12-23T20:27:26Z,2006-01-22T20:27:26Z,0.354838709677419,13,15,434,42,140,8,6642,,0.0812235992447888,272,,0.493923611111111,0.154170430593195,0.227941176470588
95a75756b0ca54d95a78cf9a789a4f09c026bfb0-636bd0b2b0b4b84ebe70f67368fc292835aa1f51,2006-01-22T20:27:26Z,2006-02-21T20:27:26Z,0.592592592592593,13,15,434,42,140,8,40|49|53|47|42|25|41|56|51|46|32|9|43|39|40|4|37|25|28|9|1|38|19|24|0|8|3|0|7|1|1|1|0|25|5|25|1|1|33|2|19|12|22|26|19|0|0|38|10|39|0|17|24|23|16|29|3|4|28|12|6|21|0|23|21|1|0|17|2|2|12|1|7|1|1|1|8|0|0|6|30|4|0|17|22|0|3|0|1|1|4|0|8|10|10|6|8|8,,0.0837905925076016,3|10|7|2|4|7|6|12|10|8|7|7|9|3|8|5,0.452998874404906,0.205794910556815,0.159267830843678,0.45
95a75756b0ca54d95a78cf9a789a4f09c026bfb0-636bd0b2b0b4b84ebe70f67368fc292835aa1f51,2006-01-22T20:27:26Z,2006-02-21T20:27:26Z,0.592592592592593,13,15,434,42,140,8,0.418051756785188,,0.0837905925076016,0.35,0.452998874404906,0.205794910556815,0.159267830843678,0.45
95a75756b0ca54d95a78cf9a789a4f09c026bfb0-636bd0b2b0b4b84ebe70f67368fc292835aa1f51,2006-01-22T20:27:26Z,2006-02-21T20:27:26Z,0.592592592592593,13,15,434,42,140,8,9506,,0.0837905925076016,240,0.452998874404906,0.205794910556815,0.159267830843678,0.45
95a75756b0ca54d95a78cf9a789a4f09c026bfb0-636bd0b2b0b4b84ebe70f67368fc292835aa1f51,2006-02-21T20:27:26Z,2006-03-23T20:27:26Z,0.636363636363636,13,15,434,42,140,8,19|15|40|16|16|34|27|36|22|17|3|38|31|0|6|21|21|0|30|0|16|12|1|1|1|0|1|0|4|0|0|11|11|19|8|20|0|7|3|4|23|34|16|8|26|1|0|2|21|0|4|8|6|5|20|16|1|18|16|3|1|8|0|2|11|12|0|1|0|0|3|0|1|5|2|0|5|0|0|1|11|1|1|1|1,,0.0678232153104858,8|0|4|4|7|3|5|5|3|5,,0.173868312757202,0.112885154061625,0.488888888888889
95a75756b0ca54d95a78cf9a789a4f09c026bfb0-636bd0b2b0b4b84ebe70f67368fc292835aa1f51,2006-02-21T20:27:26Z,2006-03-23T20:27:26Z,0.636363636363636,13,15,434,42,140,8,0.363305322128852,,0.0678232153104858,0.4,,0.173868312757202,0.112885154061625,0.488888888888889
95a75756b0ca54d95a78cf9a789a4f09c026bfb0-636bd0b2b0b4b84ebe70f67368fc292835aa1f51,2006-02-21T20:27:26Z,2006-03-23T20:27:26Z,0.636363636363636,13,15,434,42,140,8,7140,,0.0678232153104858,90,,0.173868312757202,0.112885154061625,0.488888888888889
95a75756b0ca54d95a78cf9a789a4f09c026bfb0-636bd0b2b0b4b84ebe70f67368fc292835aa1f51,2006-03-23T20:27:26Z,2006-04-22T20:27:26Z,0.275,13,15,434,42,140,8,8|14|30|12|21|1|15|32|17|17|1|0|20|35|2|8|19|17|10|17|0|4|16|8|6|1|5|5|1|1|0|4|1|8|9|6|17|29|2|7|20|17|12|3|0|0|0|20|0|3|4|3|2|0|9|1|0|5|2|1|2|0|0|6|1|0|3|5|0|0|5|0,,0.105399370025136,7|3|7|3|9|9|5|5|9|8|3|7|5,0.311911722061596,0.220117845117845,0.107589984350548,0.512820512820513
95a75756b0ca54d95a78cf9a789a4f09c026bfb0-636bd0b2b0b4b84ebe70f67368fc292835aa1f51,2006-03-23T20:27:26Z,2006-04-22T20:27:26Z,0.275,13,15,434,42,140,8,0.385367762128326,,0.105399370025136,0.237179487179487,0.311911722061596,0.220117845117845,0.107589984350548,0.512820512820513
95a75756b0ca54d95a78cf9a789a4f09c026bfb0-636bd0b2b0b4b84ebe70f67368fc292835aa1f51,2006-03-23T20:27:26Z,2006-04-22T20:27:26Z,0.275,13,15,434,42,140,8,5112,,0.105399370025136,156,0.311911722061596,0.220117845117845,0.107589984350548,0.512820512820513
95a75756b0ca54d95a78cf9a789a4f09c026bfb0-636bd0b2b0b4b84ebe70f67368fc292835aa1f51,2006-04-22T20:27:26Z,2006-05-22T20:27:26Z,0.457142857142857,13,15,434,42,140,8,26|19|39|21|28|7|24|40|23|39|21|20|33|33|4|2|19|29|29|12|2|2|27|13|2|18|4|17|1|15|5|2|1|2|5|0|24|10|3|31|2|0|35|22|29|0|24|0|29|24|5|0|31|15|0|5|4|0|7|13|7|0|3|6|1|0|1|0|0|1|4,,0.133226506440964,1|11|1|8|4|9|4|5|6|4|6|7|2|2,0.654768906236971,0.501610782380013,0.185110663983903,0.384615384615385
95a75756b0ca54d95a78cf9a789a4f09c026bfb0-636bd0b2b0b4b84ebe70f67368fc292835aa1f51,2006-04-22T20:27:26Z,2006-05-22T20:27:26Z,0.457142857142857,13,15,434,42,140,8,0.386317907444668,,0.133226506440964,0.461538461538462,0.654768906236971,0.501610782380013,0.185110663983903,0.384615384615385
95a75756b0ca54d95a78cf9a789a4f09c026bfb0-636bd0b2b0b4b84ebe70f67368fc292835aa1f51,2006-04-22T20:27:26Z,2006-05-22T20:27:26Z,0.457142857142857,13,15,434,42,140,8,4970,,0.133226506440964,182,0.654768906236971,0.501610782380013,0.185110663983903,0.384615384615385
95a75756b0ca54d95a78cf9a789a4f09c026bfb0-636bd0b2b0b4b84ebe70f67368fc292835aa1f51,2006-05-22T20:27:26Z,2006-06-21T20:27:26Z,0.421052631578947,13,15,434,42,140,8,10|21|2|37|23|37|21|34|43|39|42|32|12|24|33|34|1|0|33|31|28|33|40|12|15|17|2|26|21|8|0|0|12|12|35|16|1|29|13|44|23|41|23|0|19|36|2|31|1|32|0|3|0|7|13|5|1|20|0|3|0|7|3|0|11|0|0,,0.051652043409203,2|1|3|0|3|4|7|3|7|3|5,,0.238888888888889,0.26096788783356,0.345454545454545
95a75756b0ca54d95a78cf9a789a4f09c026bfb0-636bd0b2b0b4b84ebe70f67368fc292835aa1f51,2006-05-22T20:27:26Z,2006-06-21T20:27:26Z,0.421052631578947,13,15,434,42,140,8,0.405698778833107,,0.051652043409203,0.354545454545455,,0.238888888888889,0.26096788783356,0.345454545454545
95a75756b0ca54d95a78cf9a789a4f09c026bfb0-636bd0b2b0b4b84ebe70f67368fc292835aa1f51,2006-05-22T20:27:26Z,2006-06-21T20:27:26Z,0.421052631578947,13,15,434,42,140,8,4422,,0.051652043409203,110,,0.238888888888889,0.26096788783356,0.345454545454545
95a75756b0ca54d95a78cf9a789a4f09c026bfb0-636bd0b2b0b4b84ebe70f67368fc292835aa1f51,2006-06-21T20:27:26Z,2006-07-21T20:27:26Z,0.473684210526316,13,15,434,42,140,8,12|2|29|7|31|9|22|28|30|27|6|1|32|27|2|11|14|21|10|0|1|0|26|0|1|3|2|4|3|3|1|4|0|0|2|0|17|4|9|8|2|17|4|6|32|13|18|3|16|0|18|0|6|10|6|8|17|0|23|0|0|7|0|3|2|0|0|0|0|2|0|2|2|5|0|3|0|0|0|0|0,,0.0606294904453157,7|6|8|1|6|10|6|6|4|2|4|10|6,0.486363225045834,0.137457912457912,0.0978395061728395,0.487179487179487
95a75756b0ca54d95a78cf9a789a4f09c026bfb0-636bd0b2b0b4b84ebe70f67368fc292835aa1f51,2006-06-21T20:27:26Z,2006-07-21T20:27:26Z,0.473684210526316,13,15,434,42,140,8,0.302160493827161,,0.0606294904453157,0.346153846153846,0.486363225045834,0.137457912457912,0.0978395061728395,0.487179487179487
95a75756b0ca54d95a78cf9a789a4f09c026bfb0-636bd0b2b0b4b84ebe70f67368fc292835aa1f51,2006-06-21T20:27:26Z,2006-07-21T20:27:26Z,0.473684210526316,13,15,434,42,140,8,6480,,0.0606294904453157,156,0.486363225045834,0.137457912457912,0.0978395061728395,0.487179487179487
95a75756b0ca54d95a78cf9a789a4f09c026bfb0-636bd0b2b0b4b84ebe70f67368fc292835aa1f51,2006-07-21T20:27:26Z,2006-08-20T20:27:26Z,0.592592592592593,13,15,434,42,140,8,10|14|35|21|33|5|32|36|27|31|21|23|33|5|8|14|29|25|28|0|1|0|27|5|22|18|2|0|1|1|0|6|1|1|1|0|13|1|26|3|36|6|26|29|28|2|8|2|26|15|0|4|15|0|8|15|0|4|0|6|2|3|3|3|2|2|2|0|2|0,,0.0896550220306841,1|7|9|3|1|4|1|7|3|2|2|5|1|0|4|2|1|1,,0.246107266435986,0.167287784679089,0.176470588235294
95a75756b0ca54d95a78cf9a789a4f09c026bfb0-636bd0b2b0b4b84ebe70f67368fc292835aa1f51,2006-07-21T20:27:26Z,2006-08-20T20:27:26Z,0.592592592592593,13,15,434,42,140,8,0.354451345755694,,0.0896550220306841,0.352941176470588,,0.246107266435986,0.167287784679089,0.176470588235294
95a75756b0ca54d95a78cf9a789a4f09c026bfb0-636bd0b2b0b4b84ebe70f67368fc292835aa1f51,2006-07-21T20:27:26Z,2006-08-20T20:27:26Z,0.592592592592593,13,15,434,42,140,8,4830,,0.0896550220306841,306,,0.246107266435986,0.167287784679089,0.176470588235294
95a75756b0ca54d95a78cf9a789a4f09c026bfb0-636bd0b2b0b4b84ebe70f67368fc292835aa1f51,2006-08-20T20:27:26Z,2006-09-19T20:27:26Z,0.37037037037037,13,15,434,42,140,8,3|6|38|30|38|26|0|33|34|34|42|35|29|40|37|5|6|2|37|35|32|1|1|5|3|32|20|27|32|17|4|13|1|1|2|1|2|30|11|35|8|34|31|33|44|15|32|26|10|4|41|0|32|12|0|0|9|0|0|18|18|9|0|0|25|2|0|11|0|16|0|0,,0.153516581737636,1|9|6|5|4|6|2|1|2|6|3|6|3,0.603356650680698,0.53587962962963,0.236697965571205,0.346153846153846
95a75756b0ca54d95a78cf9a789a4f09c026bfb0-636bd0b2b0b4b84ebe70f67368fc292835aa1f51,2006-08-20T20:27:26Z,2006-09-19T20:27:26Z,0.37037037037037,13,15,434,42,140,8,0.38302034428795,,0.153516581737636,0.403846153846154,0.603356650680698,0.53587962962963,0.236697965571205,0.346153846153846
95a75756b0ca54d95a78cf9a789a4f09c026bfb0-636bd0b2b0b4b84ebe70f67368fc292835aa1f51,2006-08-20T20:27:26Z,2006-09-19T20:27:26Z,0.37037037037037,13,15,434,42,140,8,5112,,0.153516581737636,156,0.603356650680698,0.53587962962963,0.236697965571205,0.346153846153846
95a75756b0ca54d95a78cf9a789a4f09c026bfb0-636bd0b2b0b4b84ebe70f67368fc292835aa1f51,2006-09-19T20:27:26Z,2006-10-19T20:27:26Z,0.369565217391304,13,15,434,42,140,8,0|8|30|33|4|26|26|31|31|26|4|37|20|1|31|24|25|5|5|1|24|2|19|25|13|15|2|1|0|6|13|1|30|23|10|22|31|26|30|0|23|3|36|6|17|0|17|4|22|4|12|4|9|6|0|0|0|4|0,,0.0788766154567569,10|11|7|10|8|2|5|3|9|7|6|4|10,0.458751721040632,0.147735289401956,0.241963763880772,0.58974358974359
95a75756b0ca54d95a78cf9a789a4f09c026bfb0-636bd0b2b0b4b84ebe70f67368fc292835aa1f51,2006-09-19T20:27:26Z,2006-10-19T20:27:26Z,0.369565217391304,13,15,434,42,140,8,0.395967270601987,,0.0788766154567569,0.326923076923077,0.458751721040632,0.147735289401956,0.241963763880772,0.58974358974359
95a75756b0ca54d95a78cf9a789a4f09c026bfb0-636bd0b2b0b4b84ebe70f67368fc292835aa1f51,2006-09-19T20:27:26Z,2006-10-19T20:27:26Z,0.369565217391304,13,15,434,42,140,8,3422,,0.0788766154567569,156,0.458751721040632,0.147735289401956,0.241963763880772,0.58974358974359
95a75756b0ca54d95a78cf9a789a4f09c026bfb0-636bd0b2b0b4b84ebe70f67368fc292835aa1f51,2006-10-19T20:27:26Z,2006-11-18T20:27:26Z,0.260869565217391,13,15,434,42,140,8,3|1|25|13|24|14|12|17|27|10|16|30|19|5|1|0|0|20|13|24|0|11|7|0|22|24|3|6|0|3|0|3|12|0|26|33|4|18|23|23|30|12|6|2|29|3|0|0|12|2|1|9|1|1|3|3|0|0|0|0|0|0,,0.0900895766245083,13|13|1|12|10|14|7|5|10|14|8|0|2|7|7|9|3|3,,0.149474789915966,0.1602326811211,0.450980392156863
95a75756b0ca54d95a78cf9a789a4f09c026bfb0-636bd0b2b0b4b84ebe70f67368fc292835aa1f51,2006-10-19T20:27:26Z,2006-11-18T20:27:26Z,0.260869565217391,13,15,434,42,140,8,0.380750925436277,,0.0900895766245083,0.372549019607843,,0.149474789915966,0.1602326811211,0.450980392156863
95a75756b0ca54d95a78cf9a789a4f09c026bfb0-636bd0b2b0b4b84ebe70f67368fc292835aa1f51,2006-10-19T20:27:26Z,2006-11-18T20:27:26Z,0.260869565217391,13,15,434,42,140,8,3782,,0.0900895766245083,306,,0.149474789915966,0.1602326811211,0.450980392156863
95a75756b0ca54d95a78cf9a789a4f09c026bfb0-636bd0b2b0b4b84ebe70f67368fc292835aa1f51,2006-11-18T20:27:26Z,2006-12-18T20:27:26Z,0.17948717948718,13,15,434,42,140,8,3|26|1|34|26|28|22|36|23|25|22|25|2|1|4|26|25|27|4|13|0|15|2|6|3|0|25|28|11|22|2|0|1|1|1|7|3|27|32|23|28|28|30|0|1|29|0|3|0|3|3|11|5|13|0|0|3|0|7|3|0|7|0|0|0,,0.0550288205737024,15|1|14|4|0|16|14|15|1|14|14|16|14|15|15|0|15|16|6|15|14,,0.0952631578947368,0.181730769230769,0.557142857142857
95a75756b0ca54d95a78cf9a789a4f09c026bfb0-636bd0b2b0b4b84ebe70f67368fc292835aa1f51,2006-11-18T20:27:26Z,2006-12-18T20:27:26Z,0.17948717948718,13,15,434,42,140,8,0.380769230769231,,0.0550288205737024,0.242857142857143,,0.0952631578947368,0.181730769230769,0.557142857142857
95a75756b0ca54d95a78cf9a789a4f09c026bfb0-636bd0b2b0b4b84ebe70f67368fc292835aa1f51,2006-11-18T20:27:26Z,2006-12-18T20:27:26Z,0.17948717948718,13,15,434,42,140,8,4160,,0.0550288205737024,420,,0.0952631578947368,0.181730769230769,0.557142857142857
95a75756b0ca54d95a78cf9a789a4f09c026bfb0-636bd0b2b0b4b84ebe70f67368fc292835aa1f51,2006-12-18T20:27:26Z,2007-01-17T20:27:26Z,0.277777777777778,13,15,434,42,140,8,8|24|24|19|15|22|28|21|17|21|20|16|16|12|12|17|8|1|13|0|18|22|0|5|0|0|1|1|0|6|13|25|7|17|21|0|29|0|26|10|7|0|12|13|1|3|0|0|0|1|0,,0.0598142386185243,10|11|9|1|11|1|5|0|1|9|9|9|9|10|11|1|0|1,,0.083477508650519,0.216470588235294,0.352941176470588
95a75756b0ca54d95a78cf9a789a4f09c026bfb0-636bd0b2b0b4b84ebe70f67368fc292835aa1f51,2006-12-18T20:27:26Z,2007-01-17T20:27:26Z,0.277777777777778,13,15,434,42,140,8,0.363529411764706,,0.0598142386185243,0.294117647058824,,0.083477508650519,0.216470588235294,0.352941176470588
95a75756b0ca54d95a78cf9a789a4f09c026bfb0-636bd0b2b0b4b84ebe70f67368fc292835aa1f51,2006-12-18T20:27:26Z,2007-01-17T20:27:26Z,0.277777777777778,13,15,434,42,140,8,2550,,0.0598142386185243,306,,0.083477508650519,0.216470588235294,0.352941176470588
95a75756b0ca54d95a78cf9a789a4f09c026bfb0-636bd0b2b0b4b84ebe70f67368fc292835aa1f51,2007-01-17T20:27:26Z,2007-02-16T20:27:26Z,0.305555555555556,13,15,434,42,140,8,21|5|39|32|38|27|29|42|30|28|33|26|6|38|41|22|18|17|17|10|29|31|18|10|6|0|0|21|4|21|38|36|29|37|33|9|42|0|2|18|38|3|6|18|13|27|11|18|0|5|1|11|0|11|8|2|8|3|0|4|3|21,,0.0620117008508259,13|9|11|12|7|13|4|1|3|11|11|3|0|10|4|12|5|4|1|10,,0.0987996306555863,0.294553146483342,0.378947368421053
95a75756b0ca54d95a78cf9a789a4f09c026bfb0-636bd0b2b0b4b84ebe70f67368fc292835aa1f51,2007-01-17T20:27:26Z,2007-02-16T20:27:26Z,0.305555555555556,13,15,434,42,140,8,0.393971443680592,,0.0620117008508259,0.305263157894737,,0.0987996306555863,0.294553146483342,0.378947368421053
95a75756b0ca54d95a78cf9a789a4f09c026bfb0-636bd0b2b0b4b84ebe70f67368fc292835aa1f51,2007-01-17T20:27:26Z,2007-02-16T20:27:26Z,0.305555555555556,13,15,434,42,140,8,3782,,0.0620117008508259,380,,0.0987996306555863,0.294553146483342,0.378947368421053
95a75756b0ca54d95a78cf9a789a4f09c026bfb0-636bd0b2b0b4b84ebe70f67368fc292835aa1f51,2007-02-16T20:27:26Z,2007-03-18T20:27:26Z,0.305263157894737,13,15,434,42,140,8,4|32|10|42|0|20|8|13|33|15|23|21|29|3|9|28|25|21|11|7|12|9|16|7|3|0|0|7|1|10|23|4|32|13|27|7|25|27|31|1|0|34|0|13|3|10|16|9|18|0|12|8|5|5|7|3|0|0|1|0|0|8|0|0|4|3|0,,0.10662888165534,13|14|4|1|16|14|9|13|2|12|12|12|13|7|13|14|0|12|9,,0.105694747034616,0.173677069199457,0.555555555555556
95a75756b0ca54d95a78cf9a789a4f09c026bfb0-636bd0b2b0b4b84ebe70f67368fc292835aa1f51,2007-02-16T20:27:26Z,2007-03-18T20:27:26Z,0.305263157894737,13,15,434,42,140,8,0.462686567164179,,0.10662888165534,0.333333333333333,,0.105694747034616,0.173677069199457,0.555555555555556
95a75756b0ca54d95a78cf9a789a4f09c026bfb0-636bd0b2b0b4b84ebe70f67368fc292835aa1f51,2007-02-16T20:27:26Z,2007-03-18T20:27:26Z,0.305263157894737,13,15,434,42,140,8,4422,,0.10662888165534,342,,0.105694747034616,0.173677069199457,0.555555555555556
95a75756b0ca54d95a78cf9a789a4f09c026bfb0-636bd0b2b0b4b84ebe70f67368fc292835aa1f51,2007-03-18T20:27:26Z,2007-04-17T20:27:26Z,0.271604938271605,13,15,434,42,140,8,5|25|2|34|26|12|33|37|31|34|33|31|31|34|30|30|33|29|28|28|0|30|25|0|20|0|0|0|0|0|0|5|33|23|34|33|33|29|33|0|28|34|2|28|15|34|2|31|5|2|0|1|11|1|5|0|0|0|2|0|2|0|0|1,,0.0599031090916694,14|12|0|10|4|15|1|11|1|10|11|9|5|10|12|10|8|16|3,,0.178524743230626,0.259920634920635,0.473684210526316
95a75756b0ca54d95a78cf9a789a4f09c026bfb0-636bd0b2b0b4b84ebe70f67368fc292835aa1f51,2007-03-18T20:27:26Z,2007-04-17T20:27:26Z,0.271604938271605,13,15,434,42,140,8,0.327380952380952,,0.0599031090916694,0.415204678362573,,0.178524743230626,0.259920634920635,0.473684210526316
95a75756b0ca54d95a78cf9a789a4f09c026bfb0-636bd0b2b0b4b84ebe70f67368fc292835aa1f51,2007-03-18T20:27:26Z,2007-04-17T20:27:26Z,0.271604938271605,13,15,434,42,140,8,4032,,0.0599031090916694,342,,0.178524743230626,0.259920634920635,0.473684210526316
95a75756b0ca54d95a78cf9a789a4f09c026bfb0-636bd0b2b0b4b84ebe70f67368fc292835aa1f51,2007-04-17T20:27:26Z,2007-05-17T20:27:26Z,0.419354838709677,13,15,434,42,140,8,5|29|21|14|9|15|24|15|19|29|23|16|20|27|19|25|16|1|16|1|0|14|1|0|4|25|23|18|27|13|14|24|0|9|21|1|12|1|0|0|5|2|0|3|3|0|0|8|0|0|0|0|2|0|0|2|0,,0.0804571316828867,3|2|3|10|4|4|5|1|5|3|1|1|2|3|0|0|4|11,,0.336937716262976,0.180451127819549,0.202614379084967
95a75756b0ca54d95a78cf9a789a4f09c026bfb0-636bd0b2b0b4b84ebe70f67368fc292835aa1f51,2007-04-17T20:27:26Z,2007-05-17T20:27:26Z,0.419354838709677,13,15,434,42,140,8,0.337406015037594,,0.0804571316828867,0.444444444444444,,0.336937716262976,0.180451127819549,0.202614379084967
95a75756b0ca54d95a78cf9a789a4f09c026bfb0-636bd0b2b0b4b84ebe70f67368fc292835aa1f51,2007-04-17T20:27:26Z,2007-05-17T20:27:26Z,0.419354838709677,13,15,434,42,140,8,3192,,0.0804571316828867,306,,0.336937716262976,0.180451127819549,0.202614379084967
95a75756b0ca54d95a78cf9a789a4f09c026bfb0-636bd0b2b0b4b84ebe70f67368fc292835aa1f51,2007-05-17T20:27:26Z,2007-06-16T20:27:26Z,0.210526315789474,13,15,434,42,140,8,2|21|0|20|1|1|11|28|16|19|23|0|16|18|17|22|2|8|1|5|8|0|0|6|25|28|17|12|19|17|23|0|2|23|0|3|3|17|1|2|3|11|7|7|3|1|2|5|0|1|4|1|0|3|3|0,,0.130878910898591,0|13|13|14|13|0|13|13|3|13|13|13|13|1|13|14|15|13,,0.126730103806228,0.158441558441558,0.620915032679739
95a75756b0ca54d95a78cf9a789a4f09c026bfb0-636bd0b2b0b4b84ebe70f67368fc292835aa1f51,2007-05-17T20:27:26Z,2007-06-16T20:27:26Z,0.210526315789474,13,15,434,42,140,8,0.350649350649351,,0.130878910898591,0.261437908496732,,0.126730103806228,0.158441558441558,0.620915032679739
95a75756b0ca54d95a78cf9a789a4f09c026bfb0-636bd0b2b0b4b84ebe70f67368fc292835aa1f51,2007-05-17T20:27:26Z,2007-06-16T20:27:26Z,0.210526315789474,13,15,434,42,140,8,3080,,0.130878910898591,306,,0.126730103806228,0.158441558441558,0.620915032679739
95a75756b0ca54d95a78cf9a789a4f09c026bfb0-636bd0b2b0b4b84ebe70f67368fc292835aa1f51,2007-06-16T20:27:26Z,2007-07-16T20:27:26Z,0.232558139534884,13,15,434,42,140,8,20|11|3|10|22|28|10|30|23|4|25|28|27|32|18|27|2|19|6|0|0|0|23|20|26|23|27|23|0|29|0|26|35|1|0|25|27|22|8|21|3|8|4|4|19|1|2|2|2|1|0|1|0|0,,0.100663346969571,7|7|12|7|0|2|1|5|10|4|7|9|5|7|0|3,,0.283174603174603,0.254367575122292,0.358333333333333
95a75756b0ca54d95a78cf9a789a4f09c026bfb0-636bd0b2b0b4b84ebe70f67368fc292835aa1f51,2007-06-16T20:27:26Z,2007-07-16T20:27:26Z,0.232558139534884,13,15,434,42,140,8,0.406009783368274,,0.100663346969571,0.441666666666667,,0.283174603174603,0.254367575122292,0.358333333333333
95a75756b0ca54d95a78cf9a789a4f09c026bfb0-636bd0b2b0b4b84ebe70f67368fc292835aa1f51,2007-06-16T20:27:26Z,2007-07-16T20:27:26Z,0.232558139534884,13,15,434,42,140,8,2862,,0.100663346969571,240,,0.283174603174603,0.254367575122292,0.358333333333333
95a75756b0ca54d95a78cf9a789a4f09c026bfb0-636bd0b2b0b4b84ebe70f67368fc292835aa1f51,2007-07-16T20:27:26Z,2007-08-15T20:27:26Z,0.252873563218391,13,15,434,42,140,8,9|19|9|30|26|9|9|38|21|10|12|27|22|20|29|23|31|22|0|26|1|0|1|0|0|0|9|5|7|29|0|28|14|23|21|3|32|0|29|3|3|6|26|20|0|13|5|3|3|0|5|0|2|3|0|1|0|0|2|18|7|4|2,,0.130089314988682,11|0|11|16|11|5|13|12|11|11|1|6|3|13|11|13|15|3|0|8,,0.15163640094388,0.184331797235023,0.457894736842105
95a75756b0ca54d95a78cf9a789a4f09c026bfb0-636bd0b2b0b4b84ebe70f67368fc292835aa1f51,2007-07-16T20:27:26Z,2007-08-15T20:27:26Z,0.252873563218391,13,15,434,42,140,8,0.428571428571429,,0.130089314988682,0.384210526315789,,0.15163640094388,0.184331797235023,0.457894736842105
95a75756b0ca54d95a78cf9a789a4f09c026bfb0-636bd0b2b0b4b84ebe70f67368fc292835aa1f51,2007-07-16T20:27:26Z,2007-08-15T20:27:26Z,0.252873563218391,13,15,434,42,140,8,3906,,0.130089314988682,380,,0.15163640094388,0.184331797235023,0.457894736842105
95a75756b0ca54d95a78cf9a789a4f09c026bfb0-636bd0b2b0b4b84ebe70f67368fc292835aa1f51,2007-08-15T20:27:26Z,2007-09-14T20:27:26Z,0.315789473684211,13,15,434,42,140,8,23|20|7|21|29|21|32|25|0|1|29|28|27|27|25|0|17|0|27|7|21|26|0|0|0|4|1|1|1|26|31|0|29|26|28|13|29|0|25|24|1|8|16|5|6|7|9|2|1|6|2|0|0|0|0,,0.081887802493918,7|0|1|9|0|5|4|1|0|1|4|0|2|1|2|1,,0.284444444444444,0.24040404040404,0.158333333333333
95a75756b0ca54d95a78cf9a789a4f09c026bfb0-636bd0b2b0b4b84ebe70f67368fc292835aa1f51,2007-08-15T20:27:26Z,2007-09-14T20:27:26Z,0.315789473684211,13,15,434,42,140,8,0.352188552188552,,0.081887802493918,0.441666666666667,,0.284444444444444,0.24040404040404,0.158333333333333
95a75756b0ca54d95a78cf9a789a4f09c026bfb0-636bd0b2b0b4b84ebe70f67368fc292835aa1f51,2007-08-15T20:27:26Z,2007-09-14T20:27:26Z,0.315789473684211,13,15,434,42,140,8,2970,,0.081887802493918,240,,0.284444444444444,0.24040404040404,0.158333333333333
95a75756b0ca54d95a78cf9a789a4f09c026bfb0-636bd0b2b0b4b84ebe70f67368fc292835aa1f51,2007-09-14T20:27:26Z,2007-10-14T20:27:26Z,0.161290322580645,13,15,434,42,140,8,9|9|9|7|22|8|9|32|3|20|4|14|15|15|17|24|0|14|20|0|1|15|12|0|0|0|9|16|15|14|4|19|16|27|18|0|17|10|2|9|0|7|0|0|4|0,,0.125214740556789,0|2|9|0|6|5|5|2|9|5|5|4|8|1|1,,0.198979591836735,0.22512077294686,0.295238095238095
95a75756b0ca54d95a78cf9a789a4f09c026bfb0-636bd0b2b0b4b84ebe70f67368fc292835aa1f51,2007-09-14T20:27:26Z,2007-10-14T20:27:26Z,0.161290322580645,13,15,434,42,140,8,0.485990338164251,,0.125214740556789,0.347619047619048,,0.198979591836735,0.22512077294686,0.295238095238095
95a75756b0ca54d95a78cf9a789a4f09c026bfb0-636bd0b2b0b4b84ebe70f67368fc292835aa1f51,2007-09-14T20:27:26Z,2007-10-14T20:27:26Z,0.161290322580645,13,15,434,42,140,8,2070,,0.125214740556789,210,,0.198979591836735,0.22512077294686,0.295238095238095
95a75756b0ca54d95a78cf9a789a4f09c026bfb0-636bd0b2b0b4b84ebe70f67368fc292835aa1f51,2007-10-14T20:27:26Z,2007-11-13T20:27:26Z,0.393939393939394,13,15,434,42,140,8,8|19|2|17|29|14|10|21|25|1|9|18|27|21|20|18|14|6|0|2|0|16|1|0|0|4|15|19|13|4|26|19|30|2|25|2|18|18|2|2|10|2|1|9|1|1|4|3|4|0|0|2|1|2|0|0|1,,0.109219153321385,1|6|7|7|1|2|7|7|3|11|8|0|6|0,,0.325049309664694,0.168546365914787,0.362637362637363
95a75756b0ca54d95a78cf9a789a4f09c026bfb0-636bd0b2b0b4b84ebe70f67368fc292835aa1f51,2007-10-14T20:27:26Z,2007-11-13T20:27:26Z,0.393939393939394,13,15,434,42,140,8,0.367167919799499,,0.109219153321385,0.483516483516484,,0.325049309664694,0.168546365914787,0.362637362637363
95a75756b0ca54d95a78cf9a789a4f09c026bfb0-636bd0b2b0b4b84ebe70f67368fc292835aa1f51,2007-10-14T20:27:26Z,2007-11-13T20:27:26Z,0.393939393939394,13,15,434,42,140,8,3192,,0.109219153321385,182,,0.325049309664694,0.168546365914787,0.362637362637363
95a75756b0ca54d95a78cf9a789a4f09c026bfb0-636bd0b2b0b4b84ebe70f67368fc292835aa1f51,2007-11-13T20:27:26Z,2007-12-13T20:27:26Z,0.285714285714286,13,15,434,42,140,8,8|15|9|14|25|22|24|12|29|25|20|19|27|21|15|16|20|15|26|0|26|2|0|1|23|21|19|28|29|0|23|0|18|26|20|2|21|1|3|0|3|0,,0.0489212226899174,3|0|9|9|3|0|5|5|5|0|4|0|9|3|1,,0.131083202511774,0.364692218350755,0.266666666666667
95a75756b0ca54d95a78cf9a789a4f09c026bfb0-636bd0b2b0b4b84ebe70f67368fc292835aa1f51,2007-11-13T20:27:26Z,2007-12-13T20:27:26Z,0.285714285714286,13,15,434,42,140,8,0.342624854819977,,0.0489212226899174,0.376190476190476,,0.131083202511774,0.364692218350755,0.266666666666667
95a75756b0ca54d95a78cf9a789a4f09c026bfb0-636bd0b2b0b4b84ebe70f67368fc292835aa1f51,2007-11-13T20:27:26Z,2007-12-13T20:27:26Z,0.285714285714286,13,15,434,42,140,8,1722,,0.0489212226899174,210,,0.131083202511774,0.364692218350755,0.266666666666667
